step,time_s,speed_command,steering_command,left_motor,right_motor
0,0.0,0.2652,0.001799999999999996,0.265092,0.265308
1,0.1,0.2686202131260813,0.04042126147318684,0.26619493743769007,0.27104548881447255
2,0.2,0.27165993691489443,0.060108943420959814,0.2680534003096368,0.27526647352015204
3,0.30000000000000004,0.27398101042522094,0.06099658176812336,0.2703212155191335,0.27764080533130836
4,0.4,0.2753252205898809,0.04599140079562692,0.2725657365421433,0.27808470463761853
5,0.5,0.27554302771183004,0.02019697366681903,0.2743312092918209,0.27675484613183915
6,0.6000000000000001,0.2746102013456466,-0.012526939761071686,0.2753618177313109,0.27385858495998233
7,0.7000000000000001,0.2726305158681812,-0.04066371990009691,0.27507033906218703,0.2701906926741754
8,0.8,0.26982420586352324,-0.061446456639006344,0.2735109932618636,0.26613741846518285
9,0.9,0.2665034656290688,-0.07552392744307587,0.27103490127565333,0.26197202998248426
10,1.0,0.26303771841549534,-0.07162662077197998,0.2673353156618141,0.25874012116917655
11,1.1,0.25981251910251946,-0.05675207942094698,0.2632176438677763,0.2564073943372626
12,1.2000000000000002,0.2571866622751318,-0.03799963160206394,0.25946664017125565,0.254906684379008
13,1.3,0.25545226730928433,-0.009758030540273698,0.25603774914170074,0.2548667854768679
14,1.4000000000000001,0.25480228089186163,0.01633083828784946,0.25382243059459064,0.2557821311891326
15,1.5,0.25530901223053043,0.03263334065064756,0.25335101179149155,0.2572670126695693
16,1.6,0.25691608885254835,0.04289942691018349,0.25434212323793737,0.25949005446715934
17,1.7000000000000002,0.2594447278878692,0.04076284659283282,0.25699895709229925,0.26189049868343917
18,1.8,0.2626136251734855,0.024690212111573982,0.2611322124467911,0.26409503790017996
19,1.9000000000000001,0.26607024957065606,0.004004780403692829,0.2658299627464345,0.2663105363948776
20,2.0,0.26943006108798834,-0.020102041402834107,0.2706361835721584,0.26822393860381827
21,2.1,0.2723192899016584,0.08542546695209123,0.2671937618845329,0.27744481791878384
22,2.2,0.2744165172240047,0.03746136507476873,0.2721688353195186,0.2766641991284908
23,2.3000000000000003,0.27548843226281505,0.20682225527091133,0.2630790969465604,0.2878977675790697
24,2.4000000000000004,0.2754157874075783,0.3457251910448804,0.2546722759448855,0.29615929887027115
25,2.5,0.2742066641993582,0.2679216840224672,0.25813136315801016,0.2902819652407062
26,2.6,0.2719955742814971,0.42650431368950104,0.24640531546012706,0.2975858331028672
27,2.7,0.26902849534792067,0.5229980070765954,0.23764861492332495,0.3004083757725164
28,2.8000000000000003,0.2656355067987837,0.42577659129102635,0.24008891132132215,0.2911821022762453
29,2.9000000000000004,0.2621940693117775,0.5054671675591588,0.231866039258228,0.292522099365327
30,3.0,0.2590870333761583,0.5151021752166908,0.22818090286315684,0.28999316388915974
31,3.1,0.2566600482250095,0.6015278116468662,0.2205683795261975,0.29275171692382146
32,3.2,0.25518310930530436,0.4925630392271541,0.22562932695167512,0.2847368916589336
33,3.3000000000000003,0.25482052202434596,0.3935253463918699,0.23120900124083377,0.27843204280785816
34,3.4000000000000004,0.2556126232234796,0.2859412392835812,0.23845614886646474,0.2727690975804945
35,3.5,0.2574712938150351,0.21146581248349056,0.24478334506602564,0.2701592425640445
36,3.6,0.26018976178934217,0.1454271256854949,0.25146413424821246,0.2689153893304719
37,3.7,0.2634656050341525,0.08485634036560802,0.25837422461221604,0.26855698545608897
38,3.8000000000000003,0.2669343949658475,0.05428213827188211,0.26367746666953457,0.2701913232621604
39,3.9000000000000004,0.27021023821065787,0.03947992288877217,0.2678414428373315,0.2725790335839842
40,4.0,0.2729287061849649,0.035338508971060514,0.2708083956467013,0.2750490167232285
41,4.1000000000000005,0.2747873767765204,0.0473775937645577,0.27194472115064694,0.2776300324023938
42,4.2,0.275579477975654,0.06269450792066683,0.271817807500414,0.27934114845089403
43,4.3,0.2752168906946957,0.07614174891720077,0.27064838575966366,0.2797853956297277
44,4.4,0.27373995177499055,0.08327058274417326,0.26874371681034015,0.27873618673964096
45,4.5,0.27131296662384174,0.08042641042474304,0.26648738199835714,0.27613855124932635
46,4.6000000000000005,0.2682059306882225,0.06737082644517867,0.2641636811015118,0.27224818027493325
47,4.7,0.2647644932012163,0.0479344588939104,0.2618884256675817,0.26764056073485093
48,4.800000000000001,0.26137150465207937,0.020878784084183553,0.26011877760702834,0.2626242316971304
49,4.9,0.2584044257185029,-0.0061687200931579075,0.2587745489240924,0.2580343025129134
50,5.0,0.25619333580064185,-0.026753778347688918,0.2577985625015032,0.2545881090997805
51,5.1000000000000005,0.25498421259242166,-0.04062448553134673,0.25742168172430246,0.25254674346054085
52,5.2,0.25491156773718493,-0.04252929455977689,0.25746332541077155,0.2523598100635983
53,5.300000000000001,0.25598348277599536,-0.030188720321703583,0.2577948059952976,0.25417215955669314
54,5.4,0.25808071009834166,-0.00952511978333425,0.2586522172853417,0.2575092029113416
55,5.5,0.26096993891201165,0.01783586353879492,0.259899787099684,0.2620400907243393
56,5.6000000000000005,0.2643297504293439,0.04900715778768451,0.26138932096208284,0.267270179896605
57,5.7,0.2677863748265145,0.07179964994083247,0.26347839583006455,0.2720943538229645
58,5.800000000000001,0.2709552721121308,0.08472055203573123,0.2658720389899869,0.27603850523427464
59,5.9,0.2734839111474517,0.08680741881625281,0.2682754660184765,0.27869235627642686
60,6.0,0.2750909877694696,0.07122573271585536,0.2708174438065183,0.27936453173242093
61,6.1000000000000005,0.2755977191081384,0.044173308183831535,0.2729473206171085,0.2782481175991683
62,6.2,0.27494773269071565,0.00978301678266108,0.274360751683756,0.2755347136976753
63,6.300000000000001,0.2732133377248682,-0.02813725318360749,0.2749015729158847,0.27152510253385176
64,6.4,0.2705874808974805,-0.06103895662974938,0.2742498182952655,0.26692514349969554
65,6.5,0.26736228158450476,-0.1547529657114163,0.2766474595271897,0.2580771036418198
66,6.6000000000000005,0.2638965343709313,-0.1538723591940975,0.2731288759225772,0.25466419281928543
67,6.7,0.2605757941364768,-0.3535353539016436,0.2817879153705754,0.2393636729023782
68,6.800000000000001,0.2577694841318189,-0.5385548650939198,0.2900827760374541,0.22545619222618368
69,6.9,0.2557897986543534,-0.40724079713718714,0.28022424648258465,0.23135535082612219
70,7.0,0.25485697228817,-0.6389174142361681,0.2931920171423401,0.21652192743399992
71,7.1000000000000005,0.25507477941011913,-0.7977921829120083,0.30294231038483965,0.20720724843539864
72,7.2,0.25641898957477904,-0.5646880291066174,0.2903002713211761,0.222537707828382
73,7.300000000000001,0.2587400630851056,-0.7365689020081414,0.3029341972055941,0.21454592896461713
74,7.4,0.26177978687391873,-0.9,0.3157797868739187,0.20777978687391874
75,7.5,0.2652,-0.7729736614221316,0.3115784196853279,0.21882158031467208
76,7.6000000000000005,0.2686202131260813,-0.5672664009430269,0.3026561971826629,0.2345842290694997
77,7.7,0.27165993691489443,-0.4406071287230413,0.29809636463827693,0.24522350919151195
78,7.800000000000001,0.27398101042522094,-0.3624402267713307,0.29572742403150076,0.2522345968189411
79,7.9,0.27532522058988085,-0.29840756696151477,0.2932296746075717,0.25742076657219
80,8.0,0.27554302771183004,-0.2428105013347247,0.2901116577919135,0.26097439763174657
81,8.1,0.2746102013456466,-0.18738718393658596,0.2858534323818418,0.26336697030945144
82,8.200000000000001,0.2726305158681811,-0.131613575823541,0.28052733041759353,0.26473370131876867
83,8.3,0.26982420586352324,-0.07668485071155569,0.2744252969062166,0.2652231148208299
84,8.4,0.2665034656290688,-0.02773712589435426,0.26816769318273004,0.26483923807540755
85,8.5,0.26303771841549534,0.017626617198078082,0.26198012138361065,0.26409531544738
86,8.6,0.25981251910251946,0.0513375252572317,0.25673226758708556,0.26289277061795335
87,8.700000000000001,0.25718666227513176,0.06937361436145506,0.2530242454134445,0.26134907913681904
88,8.8,0.25545226730928433,0.07320505893732036,0.2510599637730451,0.25984457084552354
89,8.9,0.25480228089186163,0.061578909832499217,0.2511075463019117,0.2584970154818116
90,9.0,0.25530901223053043,0.03608085631934248,0.25314416085136987,0.257473863609691
91,9.1,0.25691608885254835,0.004691213255035853,0.2566346160572462,0.2571975616478505
92,9.200000000000001,0.2594447278878692,-0.02821693300779662,0.261137743868337,0.2577517119074014
93,9.3,0.2626136251734855,-0.05897809600143888,0.26615231093357183,0.2590749394133992
94,9.4,0.26607024957065606,-0.0761223756305931,0.27063759210849164,0.2615029070328205
95,9.5,0.26943006108798834,-0.07987489355523014,0.27422255470130213,0.26463756747467454
96,9.600000000000001,0.2723192899016584,-0.07208981326259933,0.2766446786974143,0.26799390110590243
97,9.700000000000001,0.2744165172240047,-0.048487026151694104,0.27732573879310635,0.271507295654903
98,9.8,0.27548843226281505,-0.017754196613418226,0.27655368405962016,0.27442318046600994
99,9.9,0.2754157874075783,0.01454484577247309,0.27454309666122995,0.2762884781539267
100,10.0,0.27420666419935824,0.04323471875288096,0.2716125810741854,0.2768007473245311
101,10.100000000000001,0.27199557428149707,0.06313128585839001,0.26820769712999365,0.2757834514330005
102,10.200000000000001,0.26902849534792067,0.071077388130182,0.2647638520601098,0.27329313863573157
103,10.3,0.2656355067987837,0.06821914733713572,0.26154235795855557,0.2697286556390119
104,10.4,0.2621940693117775,0.052238838366382004,0.2590597390097946,0.2653283996137604
105,10.5,0.2590870333761583,0.029058760321634382,0.2573435077568602,0.2608305589954564
106,10.600000000000001,0.2566600482250095,0.004508299096245491,0.25638955027923477,0.2569305461707842
107,10.700000000000001,0.25518310930530436,-0.01919259658213348,0.25633466510023234,0.2540315535103764
108,10.8,0.25482052202434596,-0.03536506712224215,0.2569424260516805,0.25269861799701143
109,10.9,0.2556126232234796,-0.04051864132750134,0.2580437417031297,0.2531815047438295
110,11.0,0.2574712938150351,-0.03442559577721786,0.2595368295616682,0.255405758068402
111,11.100000000000001,0.26018976178934217,-0.01771917365577269,0.2612529122086885,0.2591266113699958
112,11.200000000000001,0.26346560503415256,0.006513517484587741,0.26307479398507727,0.26385641608322785
113,11.3,0.26693439496584753,0.03200311380141522,0.2650142081377626,0.26885458179393246
114,11.4,0.2702102382106578,0.053596001225526775,0.26699447813712623,0.2734259982841894
115,11.5,0.2729287061849649,0.06624508032655865,0.2689540013653714,0.2769034110045584
116,11.600000000000001,0.27478737677652043,0.06669959176636431,0.2707854012705386,0.2787893522825023
117,11.700000000000001,0.275579477975654,0.05344827442772631,0.27237258150999044,0.2787863744413176
118,11.8,0.2752168906946957,0.028898276824515456,0.27348299408522475,0.2769507873041666
119,11.9,0.27373995177499055,-0.005428719509953023,0.27406567494558776,0.27341422860439335
120,12.0,0.27131296662384174,-0.03955929819564692,0.27368652451558056,0.2689394087321029
121,12.100000000000001,0.2682059306882225,0.08294158744723955,0.26322943544138816,0.27318242593505687
122,12.200000000000001,0.2647644932012163,0.23501720163501438,0.25066346110311544,0.2788655252993172
123,12.3,0.26137150465207937,0.14665644877360295,0.2525721177256632,0.27017089157849555
124,12.4,0.2584044257185029,0.3943876615798336,0.2347411660237129,0.2820676854132929
125,12.5,0.25619333580064185,0.6488616798300888,0.21726163501083653,0.2951250365904472
126,12.600000000000001,0.25498421259242166,0.5184239386947123,0.22387877627073893,0.2860896489141044
127,12.700000000000001,0.25491156773718493,0.8110092080340713,0.20625101525514067,0.3035721202192292
128,12.8,0.25598348277599536,0.653648870088153,0.21676455057070618,0.2952024149812845
129,12.9,0.2580807100983416,0.9,0.2040807100983416,0.3120807100983416
130,13.0,0.26096993891201165,0.9,0.20696993891201165,0.31496993891201164
131,13.100000000000001,0.2643297504293439,0.7013326882290802,0.22224978913559912,0.30640971172308873
132,13.200000000000001,0.26778637482651446,0.5160265182791579,0.23682478372976498,0.2987479659232639
133,13.3,0.2709552721121308,0.3822801142147737,0.24801846525924434,0.2938920789650172
134,13.4,0.2734839111474517,0.2734543759129271,0.25707664859267604,0.28989117370222733
135,13.5,0.2750909877694696,0.18304482221589713,0.2641082984365158,0.28607367710242343
136,13.600000000000001,0.2755977191081384,0.11190686339687338,0.268883307304326,0.2823121309119508
137,13.700000000000001,0.27494773269071565,0.06802333850531797,0.2708663323803966,0.2790291330010347
138,13.8,0.2732133377248682,0.035411262762802174,0.2710886619591001,0.27533801349063636
139,13.9,0.2705874808974805,0.02194268097467346,0.2692709200390001,0.27190404175596095
140,14.0,0.26736228158450476,0.03101336120048255,0.2655014799124758,0.2692230832565337
141,14.100000000000001,0.26389653437093125,0.03934486816937927,0.2615358422807685,0.266257226461094
142,14.200000000000001,0.2605757941364768,0.05192555964784565,0.25746026055760607,0.26369132771534753
143,14.3,0.2577694841318188,0.06261185021941935,0.25401277311865367,0.261526195144984
144,14.4,0.2557897986543534,0.0722938618441934,0.2514521669437018,0.260127430365005
145,14.5,0.25485697228817,0.06297526447569414,0.25107845641962834,0.25863548815671167
146,14.600000000000001,0.25507477941011913,0.04345200915187834,0.2524676588610064,0.25768189995923185
147,14.700000000000001,0.25641898957477904,0.018607088841412975,0.25530256424429426,0.2575354149052638
148,14.8,0.25874006308510555,-0.016961860422572035,0.25975777471045985,0.25772235145975125
149,14.9,0.26177978687391873,-0.051526209215170024,0.26487135942682893,0.2586882143210085
150,15.0,0.2652,-0.07904797159441355,0.2699428782956648,0.26045712170433516
151,15.100000000000001,0.26862021312608125,-0.09657101716169925,0.2744144741557832,0.2628259520963793
152,15.200000000000001,0.27165993691489443,-0.09928370212933252,0.2776169590426544,0.2657029147871345
153,15.3,0.27398101042522094,-0.08754267415778258,0.2792335708746879,0.26872844997575396
154,15.4,0.2753252205898809,-0.0623117747837376,0.27906392707690514,0.27158651410285667
155,15.5,0.27554302771183004,-0.02905427271852426,0.2772862840749415,0.2737997713487186
156,15.600000000000001,0.2746102013456466,0.00721022566193532,0.2741775878059305,0.27504281488536275
157,15.700000000000001,0.2726305158681812,0.03917029108257597,0.27028029840322665,0.2749807333331358
158,15.8,0.2698242058635233,0.06220420386001788,0.26609195363192223,0.27355645809512436
159,15.9,0.2665034656290688,0.07312482835995027,0.26211597592747177,0.2708909553306658
160,16.0,0.26303771841549534,0.07283435248889025,0.2586676572661619,0.26740777956482875
161,16.1,0.2598125191025194,0.05783039736784199,0.2563426952604489,0.2632823429445899
162,16.2,0.2571866622751318,-0.049410831613218194,0.2601513121719249,0.25422201237833875
163,16.3,0.25545226730928433,-0.0566636644034623,0.25885208717349206,0.2520524474450766
164,16.400000000000002,0.25480228089186163,-0.15787825177510056,0.2642749759983677,0.2453295857853556
165,16.5,0.25530901223053043,-0.22136181540073108,0.2685907211545743,0.24202730330648656
166,16.6,0.25691608885254835,-0.18802839573672847,0.2681977925967521,0.24563438510834465
167,16.7,0.25944472788786915,-0.22023654231019005,0.27265892042648054,0.24623053534925776
168,16.8,0.2626136251734855,-0.21966490515353168,0.2757935194826974,0.24943373086427362
169,16.900000000000002,0.26607024957065606,-0.15175315683870708,0.27517543898097846,0.25696506016033366
170,17.0,0.2694300610879883,-0.13950042110297217,0.2778000863541666,0.26106003582181
171,17.1,0.2723192899016584,-0.11630708261398204,0.2792977148584973,0.26534086494481945
172,17.2,0.2744165172240046,-0.06232173949812289,0.278155821593892,0.2706772128541172
173,17.3,0.27548843226281505,-0.0931651388708048,0.2810783405950633,0.2698985239305668
174,17.400000000000002,0.2754157874075783,-0.07947620213598841,0.2801843595357376,0.27064721527941904
175,17.5,0.27420666419935824,-0.10187409426419525,0.28031910985520997,0.2680942185435065
176,17.6,0.27199557428149707,-0.12433622927846963,0.2794557480382052,0.2645354005247889
177,17.7,0.2690284953479208,-0.14567181736356904,0.27776880438973495,0.2602881863061066
178,17.8,0.2656355067987837,-0.15711861099605895,0.27506262345854726,0.2562083901390202
179,17.900000000000002,0.26219406931177747,-0.1694718627965882,0.2723623810795728,0.25202575754398215
180,18.0,0.2590870333761583,-0.16879320875996628,0.26921462590175627,0.24895944085056032
181,18.1,0.2566600482250095,-0.15267983864478984,0.26582083854369687,0.2474992579063221
182,18.2,0.25518310930530436,-0.12636198102212504,0.2627648281666319,0.24760139044397686
183,18.3,0.25482052202434596,-0.08954857978668831,0.2601934368115473,0.24944760723714465
184,18.400000000000002,0.2556126232234796,-0.045304920061913945,0.25833091842719447,0.25289432801976475
185,18.5,0.2574712938150351,-0.003297697387396867,0.2576691556582789,0.25727343197179126
186,18.6,0.26018976178934217,0.03264264912420226,0.25823120284189005,0.2621483207367943
187,18.7,0.2634656050341525,0.060656875001950834,0.25982619253403544,0.2671050175342696
188,18.8,0.2669343949658474,0.07032997919083099,0.2627145962143976,0.27115419371729726
189,18.900000000000002,0.27021023821065787,0.06556157898247525,0.26627654347170937,0.2741439329496064
190,19.0,0.2729287061849649,0.051937418822325845,0.26981246105562534,0.27604495131430445
191,19.1,0.2747873767765204,-0.0038829130354838745,0.2750203515586494,0.27455440199439135
192,19.200000000000003,0.275579477975654,-0.1980494172508304,0.28746244301070384,0.2636965129406042
193,19.3,0.2752168906946957,-0.34415787304975703,0.2958663630776811,0.25456741831171026
194,19.400000000000002,0.27373995177499055,-0.2754499174033287,0.2902669468191903,0.2572129567307908
195,19.5,0.27131296662384174,-0.39713614894293026,0.29514113556041754,0.24748479768726594
196,19.6,0.26820593068822246,-0.4541716921637041,0.29545623221804473,0.24095562915840021
197,19.700000000000003,0.2647644932012163,-0.3262424253941712,0.2843390387248666,0.24518994767756605
198,19.8,0.2613715046520794,-0.3706759600217585,0.2836120622533849,0.23913094705077392
199,19.900000000000002,0.2584044257185029,-0.36818228218088533,0.28049536264935604,0.2363134887876498
200,20.0,0.2561933358006419,-0.25267889668547094,0.27135406960177016,0.24103260199951365
201,20.1,0.25498421259242166,-0.4311852227816002,0.28085532595931767,0.22911309922552564
202,20.200000000000003,0.25491156773718493,-0.33055898294870684,0.27474510671410735,0.23507802876026251
203,20.3,0.25598348277599536,-0.29553746417119187,0.27371573062626686,0.23825123492572386
204,20.400000000000002,0.2580807100983416,-0.253466307707925,0.2732886885608171,0.2428727316358661
205,20.5,0.2609699389120116,-0.24992859190288083,0.2759656544261844,0.24597422339783875
206,20.6,0.26432975042934387,-0.24611734273898844,0.2790967909936832,0.24956270986500456
207,20.700000000000003,0.2677863748265145,-0.2319987912297987,0.2817063023003024,0.2538664473527266
208,20.8,0.2709552721121308,-0.2220394714897675,0.2842776404015168,0.25763290382274473
209,20.900000000000002,0.2734839111474517,-0.1998863593684182,0.2854770927095568,0.2614907295853466
210,21.0,0.2750909877694696,-0.16489007575753298,0.28498439231492156,0.26519758322401765
211,21.1,0.2755977191081384,-0.12315682698649752,0.28298712872732823,0.2682083094889486
212,21.200000000000003,0.27494773269071565,-0.07578534720242407,0.2794948535228611,0.27040061185857023
213,21.3,0.2732133377248683,-0.028414383211125493,0.2749182007175358,0.27150847473220074
214,21.400000000000002,0.2705874808974805,0.01428893949099869,0.2697301445280206,0.2714448172669405
215,21.5,0.26736228158450476,0.04538485270508964,0.26463919042219936,0.27008537274681016
216,21.6,0.26389653437093125,0.06274945377734235,0.2601315671442907,0.2676615015975718
217,21.700000000000003,0.2605757941364767,0.06635076092341047,0.25659474848107205,0.2645568397918813
218,21.8,0.2577694841318188,0.05444851499919315,0.25450257323186726,0.2610363950317704
219,21.900000000000002,0.2557897986543534,0.03219088702984457,0.25385834543256275,0.2577212518761441
